{
	"FixedFileInfo":
	{
		"FileVersion": {
			"Major": 1,
			"Minor": 0,
			"Patch": 0,
			"Build": 1000
		},
		"ProductVersion": {
			"Major": 1,
			"Minor": 0,
			"Patch": 0,
			"Build": 1000
		},
		"FileFlagsMask": "3f",
		"FileFlags ": "00",
		"FileOS": "040004",
		"FileType": "01",
		"FileSubType": "00"
	},
	"StringFileInfo":
	{
		"Comments": "",
		"CompanyName": "奇安信科技集团",
		"FileDescription": "天擎",
		"FileVersion": "1.0.0",
		"InternalName": "sureport.exe",
		"LegalCopyright": "奇安信集团 版权所有",
		"LegalTrademarks": "",
		"OriginalFilename": "sureport.exe",
		"PrivateBuild": "",
		"ProductName": "奇安信终端安全系统",
		"ProductVersion": "1.0.0",
		"SpecialBuild": ""
	},
	"VarFileInfo":
	{
		"Translation": {
			"LangID": 2052,
			"CharsetID": 936
		}
	}
}
