{
  "Alert":{
    "tableName":"skylar_scascade.secevent",
    "customColumn":{
      "ccid":"所属控制中心",
      "client_groupname":"分组",
      "client_ip":"IP地址",
      "client_mac":"MAC地址",
      "client_name":"计算机名",
      "client_os":"操作系统",
      "client_third_login_user":"实名账号",
      "event_time":"时间",
      "format_content":"详细内容",
      "type":"事件类型"
    },
    "optionalColumn":{
      "account":"告警账号",
      "content":"事件详情",
      "datetime":"发生时间"
    }
  },
  "Asset":{
    "tableName":"assets",
    "customColumn":{
      "ccid":"所属控制中心",
      "client_group_name":"分组",
      "client_group_path":"分组全路径",
      "client_ip":"IP地址",
      "client_login_user":"实名账号",
      "client_mac":"MAC地址",
      "client_name":"计算机名",
      "client_os":"操作系统",
      "ext_leaklib_ver":"补丁库版本",
      "ext_main_ver":"主程序版本",
      "ext_virus_lib_date":"病毒库时间",
      "id":"id"
    },
    "optionalColumn":{
      "client_hardware_cpu_core_count":"CPU核心数",
      "client_hardware_cpu_frequency":"主频",
      "client_hardware_harddisk_size":"硬盘大小",
      "client_hardware_memory_size":"内存大小",
      "client_hardware_monitor_size":"显示器尺寸",
      "client_hardware_summary_description":"计算机型号",
      "client_hardware_summary_device_type":"计算机类型",
      "client_os_domain_name":"登录域",
      "client_os_small_version_edition_id":"Windows10版本号",
      "client_type":"系统平台",
      "hardware_harddisk_serial_number":"硬盘序列号",
      "hardware_summary_cpu":"CPU",
      "hardware_summary_device_use":"设备用途",
      "hardware_summary_displaycard":"显卡",
      "hardware_summary_email":"邮箱",
      "hardware_summary_harddisk":"硬盘",
      "hardware_summary_location":"物理位置",
      "hardware_summary_memo":"备注",
      "hardware_summary_memory":"内存",
      "hardware_summary_mobile":"手机",
      "hardware_summary_monitor":"显示器",
      "hardware_summary_serial_number":"SN序列号",
      "hardware_summary_telephone":"座机",
      "hardware_summary_user_number":"工号",
      "hardware_summary_username":"使用人",
      "last_time":"最后在线时间",
      "nac_user_full_name":"实名姓名",
      "nac_user_user_name":"用户名称",
      "os_install_date":"系统安装时间",
      "os_lang":"系统语言",
      "os_osspa":"激活状态"
    }
  },
  "Audit":{
    "tableName":"skylar_scascade.audit",
    "customColumn":{
      "ccid":"所属控制中心",
      "client_groupname":"分组",
      "client_ip":"IP地址",
      "client_mac":"MAC地址",
      "client_name":"计算机名",
      "client_os":"操作系统",
      "client_third_login_user":"实名账号",
      "content":"事件详情",
      "event_time":"时间",
      "format_content":"详细信息",
      "type":"类型"
    },
    "optionalColumn":{
      "account":"告警账号"
    }
  },
  "Leak":{
    "tableName":"skylar_scascade.leak_repair",
    "customColumn":{
      "ccid":"所属控制中心",
      "client_groupname":"分组",
      "client_ip":"IP地址",
      "client_mac":"MAC地址",
      "client_name":"计算机名",
      "client_os":"操作系统",
      "client_third_login_user":"实名账号",
      "event_action":"操作",
      "event_time":"时间",
      "leak_name":"补丁名",
      "leak_type":"漏洞级别"
    },
    "optionalColumn":{
      "kbid":"补丁号",
      "reason":"漏洞原因"
    }
  },
  "Score":{
    "tableName":"skylar_scascade.exam",
    "customColumn":{
      "ccid":"所属控制中心",
      "client_groupname":"分组",
      "client_ip":"IP地址",
      "client_mac":"MAC地址",
      "client_name":"计算机名",
      "client_os":"操作系统",
      "client_third_login_user":"实名账号",
      "event_time":"时间",
      "exam_score":"分数"
    },
    "optionalColumn":{

    }
  },
  "Virus":{
    "tableName":"skylar_scascade.sd",
    "customColumn":{
      "ccid":"所属控制中心",
      "client_groupname":"分组",
      "client_ip":"IP地址",
      "client_mac":"MAC地址",
      "client_name":"计算机名",
      "client_os":"操作系统",
      "client_third_login_user":"实名账号",
      "event_time":"时间",
      "from":"病毒来源",
      "md5":"MD5",
      "op":"处理结果",
      "path":"文件路径",
      "sha1":"SHA1",
      "task_id":"触发方式",
      "vname":"病毒名称"
    },
    "optionalColumn":{

    }
  }
}